library,target,variant_class,EC50_S2V29_v37_2,sd_EC50_S2V29_v37_2,n_bc_EC50_S2V29_v37_2,EC50_S2V29,sd_EC50_S2V29,n_bc_EC50_S2V29,EC50_S2V29_UCA,sd_EC50_S2V29_UCA,n_bc_EC50_S2V29_UCA,EC50_S2K146_v860,sd_EC50_S2K146_v860,n_bc_EC50_S2K146_v860,EC50_S2K146,sd_EC50_S2K146,n_bc_EC50_S2K146,EC50_S2K146_UCA,sd_EC50_S2K146_UCA,n_bc_EC50_S2K146_UCA,EC50_S3L17,sd_EC50_S3L17,n_bc_EC50_S3L17,EC50_S3L17_UCA,sd_EC50_S3L17_UCA,n_bc_EC50_S3L17_UCA,EC50_S309,sd_EC50_S309,n_bc_EC50_S309,EC50_S309_887,sd_EC50_S309_887,n_bc_EC50_S309_887,EC50_S2X259,sd_EC50_S2X259,n_bc_EC50_S2X259,EC50_SA55,sd_EC50_SA55,n_bc_EC50_SA55,EC50_Omi42,sd_EC50_Omi42,n_bc_EC50_Omi42,expr,delta_expr
lib61_SARSr-wts,AncSarbecovirus_MAP,wildtype,0.16092,0.06237,225,0.15961,0.05772,224,8840.27101,0.2249,216,26925.08131,0.25868,234,70581.94365,0.21961,211,62460.08505,0.26318,219,80264.16988,0.17929,210,44580.31061,0.27344,198,107.48617,0.15312,215,1.01683,0.20004,209,0.20678,0.10586,205,0.38253,0.16536,202,852.87697,0.25471,181,10.0621,-0.0889
lib61_SARSr-wts,AncSarbecovirus_alt,wildtype,0.15939,0.05619,103,0.16073,0.06997,108,7600.17647,0.25597,104,52848.30259,0.27804,104,66028.42137,0.2276,105,54168.79111,0.28368,101,83244.64217,0.16653,101,34070.33395,0.27196,98,35.36204,0.23577,94,0.32223,0.17553,99,0.20505,0.11526,95,0.34945,0.19304,91,1461.87557,0.35939,75,10.161,0.01
lib61_SARSr-wts,AncSarbecovirus_alt1_ins117ins118,wildtype,0.162,0.06335,132,0.16559,0.06792,139,6201.54087,0.24886,118,17296.31517,0.23489,129,62563.19038,0.24991,127,59982.18273,0.275,123,78182.35295,0.17766,128,35448.97057,0.27006,120,103.80048,0.1503,123,1.04729,0.21199,124,0.19263,0.10342,117,0.37886,0.19231,117,795.20974,0.254,106,10.1314,-0.0196
lib61_SARSr-wts,AncSarbecovirus_tree1,wildtype,0.15946,0.0537,268,0.16009,0.05537,263,10129.98601,0.25078,249,28978.77137,0.27478,263,74706.59281,0.21585,246,64171.7082,0.25582,239,83530.05472,0.16169,253,45152.89881,0.278,237,96.40262,0.12158,254,1.23458,0.15638,253,0.20993,0.08621,247,0.40789,0.16362,255,950.28137,0.28713,231,10.0299,-0.1211
lib61_SARSr-wts,AncEurAf_alt,wildtype,0.16283,0.07195,247,0.15981,0.0618,252,6774.36411,0.29682,228,58617.8814,0.26465,238,64138.04499,0.25088,229,50651.72054,0.27971,226,79210.75286,0.18238,241,36660.5249,0.2977,225,41.30927,0.2185,216,0.3065,0.16374,220,0.20105,0.10923,198,0.27426,0.1752,200,1534.89565,0.37066,166,10.1942,0.0432
lib61_SARSr-wts,AncEurAf_tree1,wildtype,0.16059,0.06152,233,0.16238,0.065,235,7822.26284,0.26329,221,21897.01836,0.20816,222,66701.17263,0.2404,219,56187.2268,0.26663,220,85011.07488,0.16016,232,40617.95073,0.29032,216,95.83515,0.14245,216,0.89556,0.19429,218,0.20739,0.09281,208,0.40044,0.17706,212,946.96376,0.29279,181,10.151,0
lib61_SARSr-wts,BM48-31,wildtype,0.22054,0.1162,185,0.2072,0.09712,177,10576.11027,0.26376,172,68682.11939,0.22633,172,73077.64245,0.21835,163,59038.64338,0.26285,165,80055.83101,0.16878,168,45019.80543,0.27601,157,90796.3311,0.11621,146,2.0972,0.15311,166,0.42263,0.13955,158,3.2814,0.13529,155,6056.28204,0.30266,134,10.2394,0.0884
lib61_SARSr-wts,BB9904,wildtype,0.2413,0.10952,298,0.30067,0.1195,296,11145.91509,0.21814,285,84601.12258,0.1499,286,74289.26741,0.20165,276,68106.04195,0.22662,287,86713.46109,0.13144,289,48591.15913,0.27587,277,94706.34555,0.08425,268,2231.49806,0.39181,287,8.29931,0.14845,285,5472.86743,0.25466,274,9168.5837,0.23432,245,NA,NA
lib61_SARSr-wts,BtKY72,wildtype,0.17688,0.06584,234,0.17871,0.06395,235,11752.83128,0.24028,219,71433.38235,0.2134,223,73928.93746,0.20869,223,63471.30703,0.24665,221,75255.0147,0.21239,230,46264.23106,0.27308,215,94451.80547,0.08051,221,10320.4818,0.28395,212,0.2064,0.09621,221,0.26803,0.14351,220,3444.33273,0.33238,193,10.0994,-0.0516
lib61_SARSr-wts,PRD-0038,wildtype,0.18236,0.07821,305,0.17868,0.06692,299,10336.47325,0.2442,279,77647.99747,0.1963,293,71036.06879,0.20707,285,64638.75873,0.25129,287,73108.30464,0.21153,289,50179.55623,0.26742,283,94300.59271,0.08797,272,7118.97576,0.298,274,0.19572,0.0857,281,0.26509,0.1485,286,3003.23617,0.31917,243,NA,NA
lib61_SARSr-wts,PDF-2370,wildtype,0.17484,0.05743,180,0.17413,0.05442,180,10348.29938,0.2293,177,79468.03449,0.18239,171,81849.85998,0.16339,167,69874.66121,0.22189,175,76062.33561,0.19119,175,46611.65526,0.27026,170,97906.58104,0.04536,172,10277.84564,0.28691,168,0.20086,0.06787,176,0.25511,0.1128,176,3155.19116,0.35657,162,NA,NA
lib61_SARSr-wts,Khosta-1,wildtype,0.17785,0.07156,213,0.18279,0.07053,211,12493.94096,0.21874,201,72410.78189,0.2156,198,77936.73619,0.18299,193,70435.12258,0.22261,204,39638.58649,0.26902,212,46978.81025,0.27053,199,93889.60297,0.09376,196,22994.61419,0.32516,195,0.1968,0.08084,200,0.20212,0.10863,193,874.6239,0.27852,182,NA,NA
lib61_SARSr-wts,Khosta-2,wildtype,3.34955,0.06602,336,2.81681,0.08792,338,11490.53851,0.21856,325,82210.52888,0.16535,321,79003.15697,0.17757,313,77209.22297,0.19488,324,2106.6775,0.30166,335,53374.49228,0.26544,308,97060.81284,0.05922,322,5.27416,0.16781,331,0.44568,0.11213,333,0.1611,0.06309,329,24793.26264,0.21198,311,NA,NA
lib61_SARSr-wts,RhGB01,wildtype,0.16841,0.06181,312,0.1714,0.06389,308,9405.05305,0.22385,303,48.8601,0.1726,319,0.80316,0.1368,312,1996.71754,0.28324,308,35863.88775,0.26373,324,31908.71438,0.24913,308,94883.27026,0.08344,293,24026.77777,0.34343,301,0.98506,0.13462,306,0.14847,0.05996,304,1353.84888,0.30971,274,NA,NA
lib61_SARSr-wts,RhGB03,wildtype,0.19014,0.03796,3,0.19932,0.01958,3,5449.08462,0.0293,3,42.94634,0.08538,3,2.74798,0.04485,3,54588.98526,0.02921,2,1545.163,0.15424,3,35804.13017,0.15733,3,1e+05,0,3,9771.2291,0.05944,3,3.03331,0.01962,3,979.48389,0.0819,3,7770.1185,0.03044,3,NA,NA
lib61_SARSr-wts,RhGB02_230B,wildtype,0.18771,0.00936,2,0.21073,0.00707,2,8963.44323,NA,1,101.79539,0.00783,2,6.87786,0.16053,2,1e+05,0,2,21091.71846,0.02454,2,59435.15893,0.10473,2,1e+05,0,2,27901.88121,0.01615,2,4.16158,0.00739,2,0.22499,0.00051,2,8871.7789,0.00157,2,NA,NA
lib61_SARSr-wts,RsYN04,wildtype,2.50935,0.13852,224,2.92847,0.09584,223,13038.87128,0.22573,213,83618.28563,0.15893,210,82197.89583,0.15846,203,79009.28836,0.1841,219,5.43916,0.08959,216,58022.44665,0.24529,211,95755.30775,0.07237,214,33254.13314,0.31341,211,2.7885,0.0918,218,87242.87894,0.13159,204,710.09159,0.28305,201,NA,NA
lib61_SARSr-wts,AncAsia_MAP,wildtype,0.17406,0.07766,240,0.17565,0.07958,242,4019.48388,0.30651,234,0.22945,0.09897,246,0.17789,0.0898,239,21646.41657,0.22371,227,58469.6338,0.25284,231,15702.18691,0.14734,219,3.83444,0.06453,227,0.63315,0.19695,222,0.23519,0.11348,224,0.72742,0.20698,217,2.76615,0.16949,216,10.1137,-0.0373
lib61_SARSr-wts,AncAsia_alt,wildtype,0.16577,0.06826,202,0.16905,0.06609,203,9218.25095,0.23392,197,2.17991,0.14344,204,3.70648,0.088,200,4.07762,0.07892,199,90843.6023,0.11858,199,31432.86819,0.2633,197,3.79542,0.05789,192,0.51831,0.19102,198,0.19424,0.08059,192,0.36681,0.16151,195,0.2061,0.10361,183,9.8702,-0.2808
lib61_SARSr-wts,AncAsia_tree1,wildtype,0.16119,0.06452,123,0.16062,0.05861,122,4105.97883,0.3153,121,0.35913,0.15888,122,1.1393,0.1885,126,32850.27253,0.28073,122,54937.3275,0.27328,126,28427.51528,0.27779,118,3.76576,0.06051,122,1.16077,0.17666,117,0.2183,0.10546,116,0.55328,0.19024,120,4.23121,0.147,112,9.9809,-0.1701
lib61_SARSr-wts,AncAsia_tree2,wildtype,0.17195,0.07643,214,0.17414,0.0743,217,3891.83664,0.26787,198,0.24171,0.10531,216,0.19275,0.09168,212,25119.50224,0.27777,213,54793.22915,0.25705,210,15602.66457,0.16647,202,3.81458,0.07183,199,0.55984,0.19759,203,0.22695,0.11493,195,0.85794,0.20288,195,2.50673,0.16996,181,10.1478,-0.0032
lib61_SARSr-wts,AncSARS2a_MAP,wildtype,0.18894,0.08823,306,0.20192,0.08657,307,8854.77806,0.25332,291,0.211,0.0851,308,0.16195,0.06097,295,15.41283,0.14251,296,0.1635,0.06643,300,487.23628,0.17697,293,3.8674,0.04783,279,3.69577,0.08336,300,0.19964,0.09901,277,0.27339,0.17099,280,0.26601,0.17914,263,10.2742,0.1232
lib61_SARSr-wts,AncSARS2a_alt,wildtype,0.1988,0.12825,136,0.23274,0.11853,136,24712.67864,0.28764,145,0.27853,0.1459,136,0.26196,0.14004,131,0.90249,0.18011,137,0.18698,0.0876,134,259.0901,0.26714,136,3.69322,0.07117,143,2.74855,0.10444,138,0.29498,0.11862,140,0.62775,0.19631,141,0.36384,0.17922,135,8.8719,-1.2791
lib61_SARSr-wts,AncSARS2c_MAP,wildtype,0.25054,0.12767,314,0.17902,0.08235,314,7351.18959,0.25133,302,0.20612,0.08564,317,0.16496,0.06417,309,1.5294,0.16236,305,0.16436,0.06888,312,146.85742,0.20707,288,3.81809,0.05074,297,3.16285,0.10675,305,0.18445,0.08814,298,0.24186,0.13895,291,0.26911,0.17311,284,10.2076,0.0566
lib61_SARSr-wts,SARS-CoV-2_WH1,wildtype,0.29801,0.12478,215,0.19181,0.08328,217,4376.31838,0.30018,206,0.20453,0.07985,217,0.1641,0.05473,209,1.88564,0.14192,210,0.16426,0.05799,211,75.5954,0.19991,206,3.78766,0.06211,196,3.20258,0.10409,204,0.16212,0.06308,200,0.20175,0.12316,195,0.28415,0.1825,180,10.162,0.011
lib61_SARSr-wts,SARS-CoV-2_Alpha,wildtype,0.44784,0.20183,282,0.21265,0.11685,289,8131.61089,0.27428,297,0.22084,0.12092,282,0.1851,0.1169,259,62.95041,0.23272,303,0.1757,0.10904,263,13796.57137,0.137,300,3.80476,0.07816,292,3.36091,0.10558,296,0.16834,0.07989,302,0.17843,0.11692,296,0.34087,0.19947,275,NA,NA
lib61_SARSr-wts,SARS-CoV-2_Beta,wildtype,0.20913,0.12706,192,0.17635,0.09498,182,4918.93187,0.30527,202,0.19012,0.12224,181,0.24855,0.147,178,59.68912,0.24145,209,0.16305,0.08296,172,1563.87591,0.27979,205,3.61342,0.10368,197,2.47109,0.15975,200,0.16427,0.06415,201,0.16921,0.12042,195,0.18797,0.13488,181,NA,NA
lib61_SARSr-wts,SARS-CoV-2_Delta,wildtype,0.28974,0.14916,201,0.18491,0.08673,213,6477.12677,0.28434,213,0.17054,0.08077,189,0.17247,0.08788,191,0.34133,0.18387,203,0.16828,0.1001,184,109.45162,0.23378,202,3.89285,0.0698,217,3.4078,0.1127,219,0.16362,0.06309,220,0.23022,0.1583,219,0.30414,0.21,209,NA,NA
lib61_SARSr-wts,SARS-CoV-2_Omicron-BA1,wildtype,0.19577,0.00902,4,0.15742,0.03294,4,8531.40816,0.02124,4,0.25477,0.04999,4,1.13393,0.09247,4,1066.36189,0.03106,4,0.22863,0.03233,4,21932.84781,0.00958,3,21.94254,0.09869,4,3.58479,0.01495,4,0.42377,0.04286,4,0.14499,0.0118,4,0.48626,0.01229,4,NA,NA
lib61_SARSr-wts,SARS-CoV-2_Omicron-BA2,wildtype,0.18093,0.00662,5,0.15245,0.01681,5,8898.57434,0.02027,5,0.20906,0.0203,5,1.17238,0.03418,5,1073.57989,0.01444,5,0.19437,0.00276,5,31240.55232,0.17286,5,214.3978,0.01485,5,3.99792,0.00414,5,6.16247,0.01305,5,0.21536,0.01424,5,0.49334,0.01716,5,NA,NA
lib61_SARSr-wts,SARS-CoV-2_Omicron-BA5,wildtype,0.16561,0.01146,3,0.16604,0.00528,3,3315.18664,0.04845,3,0.19505,0.0037,3,6.16682,0.01598,3,40374.24039,0.33998,3,0.16573,0.00594,3,18749.66343,0.0378,2,121.71726,0.02542,3,3.76474,0.00681,3,4.60604,0.00121,3,0.15818,0.01272,3,0.19542,0.01797,3,NA,NA
lib61_SARSr-wts,SARS-CoV-2_Omicron-BQ11,wildtype,0.15301,0.00334,5,0.15795,0.00762,5,2930.82372,0.02573,5,0.19047,0.00766,5,3.54084,0.01485,5,4268.58099,0.01491,5,0.1689,0.01396,5,24307.47122,0.03249,5,141.68719,0.00496,5,3.78817,0.00781,5,3.4494,0.00789,5,0.15699,0.00609,5,0.22104,0.01578,5,NA,NA
lib61_SARSr-wts,SARS-CoV-2_Omicron-XBB15,wildtype,0.1557,0.00983,5,0.15698,0.00911,5,1678.62393,0.01902,5,0.19847,0.01552,5,2.64968,0.01214,5,64511.07587,0.03605,4,0.16421,0.01144,5,18462.73871,0.02778,5,4.53464,0.01915,5,3.90452,0.00252,5,11.91169,0.0114,5,0.15877,0.00847,5,0.16118,0.00976,5,NA,NA
lib61_SARSr-wts,BtSY2-RmCX02,wildtype,0.27977,0.00985,3,0.1892,0.00493,3,7696.82026,0.04265,3,0.30041,0.026,3,0.18323,0.00665,3,4.77757,0.03791,3,0.17545,0.00119,3,12606.30344,0.00694,3,3.99174,0.00296,3,3.43393,0.00702,3,0.2309,0.00914,3,0.14873,0.00369,3,0.2993,0.02082,3,NA,NA
lib61_SARSr-wts,BANAL-20-103,wildtype,0.23024,0.10143,249,0.17469,0.0681,245,6575.68564,0.2894,232,0.19948,0.08447,245,0.16398,0.06086,237,1.45608,0.16273,237,0.16485,0.06725,236,198.15454,0.18284,228,3.9487,0.05586,225,3.20285,0.09638,230,0.17694,0.07114,224,0.23905,0.14279,223,0.25529,0.13281,222,NA,NA
lib61_SARSr-wts,BANAL-20-236,wildtype,0.16426,0.05518,257,0.15982,0.05181,257,6278.00742,0.24913,251,0.25197,0.08733,254,0.20471,0.08527,253,121.18499,0.16596,252,0.17259,0.06144,258,11814.30502,0.16617,244,3.96998,0.05705,238,3.22182,0.09832,251,0.18169,0.07939,238,0.1909,0.11128,238,0.32553,0.19486,229,NA,NA
lib61_SARSr-wts,RaTG13,wildtype,0.28141,0.13987,306,0.19152,0.09648,301,4610.12167,0.31107,288,0.15826,0.05785,297,0.16209,0.06313,288,0.15217,0.05966,290,0.15946,0.06187,288,710.63721,0.18212,295,3.88731,0.06345,284,2.94666,0.11914,291,0.27109,0.1273,287,0.50888,0.21256,270,0.23073,0.14386,263,10.0628,-0.0882
lib61_SARSr-wts,GD-Pangolin,wildtype,0.1845,0.09368,296,0.16532,0.06568,294,9749.72103,0.2407,272,0.18839,0.07839,294,0.16376,0.06621,271,2.26787,0.12469,286,0.15981,0.06371,296,8160.50069,0.19525,272,3.91455,0.05867,271,3.60322,0.09053,274,0.18405,0.08878,271,0.29057,0.17478,265,0.20111,0.12437,251,10.1764,0.0254
lib61_SARSr-wts,GX-Pangolin,wildtype,0.17887,0.07197,182,0.20316,0.08971,183,6736.35749,0.24638,170,0.32425,0.10841,184,0.17304,0.06323,183,0.22343,0.10345,180,0.16697,0.05913,181,4760.15436,0.26195,178,3.99647,0.05272,174,3.68338,0.07337,176,0.30873,0.14224,170,70748.76517,0.22804,153,0.2352,0.13692,159,10.2031,0.0521
lib61_SARSr-wts,RshSTT182,wildtype,0.1633,0.04742,192,0.15895,0.04549,194,8101.91707,0.23129,184,36257.08087,0.27712,191,73242.98084,0.21629,182,49505.22476,0.27828,193,9.72229,0.11268,194,46475.39085,0.27419,179,4.35697,0.07802,175,3.80332,0.06754,181,0.17403,0.07212,175,0.18825,0.10634,173,0.20307,0.13057,173,NA,NA
lib61_SARSr-wts,Rc-o319,wildtype,7.70052,0.11515,173,2981.65294,0.32011,164,6381.09471,0.24592,162,25684.98096,0.21602,162,74317.66557,0.2181,162,46205.10498,0.27934,161,87672.17548,0.13418,163,38084.09408,0.28362,157,4.11512,0.07564,154,2.88132,0.10596,165,87324.43989,0.13707,126,71740.70477,0.2413,132,68898.14152,0.23501,129,NA,NA
lib61_SARSr-wts,Rc-kw8,wildtype,4200.61198,2.75337,4,1e+05,0,3,7420.98854,0.18881,4,83198.16444,0.13837,3,1e+05,0,3,60580.94104,0.38123,4,1e+05,0,3,53337.01205,0.18618,4,5.12866,0.15588,4,3.06764,0.00998,4,750.0003,1.61185,4,1589.61952,2.48689,4,1e+05,0,3,NA,NA
lib61_SARSr-wts,Rc-os20,wildtype,1e+05,0,4,1e+05,0,4,6964.31369,0.01491,4,1e+05,0,4,1e+05,0,4,1e+05,0,4,1e+05,0,4,50451.14473,0.04337,4,6.02485,0.02619,4,3.61222,0.01084,4,0.53675,0.01125,4,2673.25862,0.04566,4,1e+05,0,4,NA,NA
lib61_SARSr-wts,Rc-mk2,wildtype,1e+05,0,3,1e+05,0,3,6707.60121,0.01304,3,66845.67995,0.11575,2,1e+05,0,3,1e+05,0,2,1e+05,0,3,42991.62654,0.0149,2,3.93382,0.01114,3,3.76516,0.01076,3,0.29488,0.00734,3,0.15255,0.0083,3,1e+05,0,3,NA,NA
lib61_SARSr-wts,AncSARS1a_MAP,wildtype,0.18719,0.09449,321,0.25788,0.12575,325,14167.35651,0.21933,305,0.17057,0.07664,325,0.1589,0.06611,317,0.26859,0.12097,312,88311.97076,0.12958,295,9669.34153,0.17119,304,3.66544,0.06823,311,0.54677,0.18521,299,0.23584,0.10562,311,0.50354,0.18596,310,4633.92107,0.30389,281,9.9723,-0.1787
lib61_SARSr-wts,AncSARS1a_alt,wildtype,NA,NA,NA,NA,NA,NA,NA,NA,NA,NA,NA,NA,NA,NA,NA,NA,NA,NA,NA,NA,NA,NA,NA,NA,NA,NA,NA,NA,NA,NA,NA,NA,NA,NA,NA,NA,NA,NA,NA,NA,NA
lib61_SARSr-wts,AncSARS1a_tree1,wildtype,0.16225,0.06453,122,0.16334,0.06174,123,6127.60642,0.28693,125,0.16819,0.0758,120,0.16929,0.08668,121,902.16971,0.26933,123,90131.10992,0.11995,122,14160.21204,0.15894,117,3.73345,0.06773,120,0.38617,0.17575,126,0.22341,0.11229,125,0.21746,0.14428,123,15.08207,0.19092,109,10.0694,-0.0816
lib61_SARSr-wts,AncSARS1a_tree2,wildtype,0.15644,0.04763,293,0.15582,0.0549,292,10635.92865,0.22539,283,0.16292,0.04883,288,0.16303,0.06106,287,54.90049,0.18751,285,90282.78453,0.11207,286,14784.98564,0.1363,287,3.7932,0.06005,283,0.48573,0.17427,283,0.22825,0.10642,278,0.36656,0.14349,274,1563.67099,0.32806,251,10.2651,0.1141
lib61_SARSr-wts,AncSARS1c_MAP,wildtype,0.19139,0.10491,95,78.70355,0.18881,96,7808.04665,0.21147,83,0.19696,0.09747,94,0.25473,0.11121,93,956.89107,0.2433,92,87094.82095,0.13466,95,23099.57971,0.26024,92,3.49133,0.08312,88,0.40577,0.16267,91,0.19985,0.1043,87,0.14883,0.05758,80,5529.86281,0.30207,72,10.2463,0.0953
lib61_SARSr-wts,AncSARS-CoV-1_MAP,wildtype,0.1768,0.08786,118,19.44018,0.21162,122,9503.51329,0.23133,104,6.32067,0.15456,120,0.15973,0.06928,119,7.98437,0.13151,116,81875.36018,0.16817,115,14208.07078,0.1561,109,3.10652,0.10405,109,0.60567,0.216,107,0.19277,0.0912,108,0.14676,0.07448,101,3699.70875,0.34172,90,10.2049,0.0539
lib61_SARSr-wts,AncSARS-CoV-1_alt,wildtype,0.17691,0.08133,251,7.90057,0.16702,256,8945.29964,0.25027,234,40.87121,0.2184,252,0.17858,0.08624,240,19.5643,0.16025,232,85686.15003,0.14052,241,16267.19177,0.15447,235,2.85284,0.1106,227,0.52077,0.21465,235,0.19918,0.09289,224,0.1452,0.06201,223,3899.69545,0.30957,190,10.1665,0.0155
lib61_SARSr-wts,SARS-CoV-1_Sin852_HP03L,wildtype,0.18845,0.08878,243,16.99026,0.20211,250,11529.03553,0.22852,237,53.74072,0.17764,250,0.19955,0.10118,242,40.68696,0.17941,243,85589.62822,0.14429,236,19146.71606,0.17091,236,3.6941,0.05263,241,1.82909,0.15271,241,0.45705,0.1447,244,0.15923,0.07615,234,5549.75485,0.28549,210,9.8641,-0.2869
lib61_SARSr-wts,SARS-CoV-1_GZ-C_HP03L,wildtype,0.18,0.09365,105,8.14151,0.1823,107,7809.07534,0.27172,102,70.72718,0.19913,105,0.3536,0.12602,103,37.75444,0.22427,109,81115.01349,0.1757,104,24305.12096,0.25402,104,2.76798,0.13537,100,0.5897,0.19788,102,0.22835,0.10868,94,0.14684,0.06127,97,3930.42798,0.31507,85,10.1898,0.0388
lib61_SARSr-wts,SARS-CoV-1_Sino1-11_HP03L,wildtype,0.2001,0.0937,322,48.12025,0.1935,321,8495.57885,0.26699,307,1.73225,0.13101,317,0.30638,0.12418,313,70.97328,0.20241,312,86983.89663,0.14122,303,23065.91714,0.1879,297,2.15842,0.14422,306,0.48511,0.17815,305,0.2234,0.10472,303,0.1473,0.06185,301,6632.88722,0.27278,274,10.1625,0.0115
lib61_SARSr-wts,SARS-CoV-1_Urbani_HP03L,wildtype,0.18375,0.09712,113,9.27838,0.18254,117,10062.33436,0.25786,106,48.26873,0.22525,119,0.18543,0.09003,105,23.0882,0.1767,111,87448.45455,0.1406,115,15801.33088,0.13897,108,2.2879,0.15615,107,0.41463,0.18283,109,0.22012,0.11738,107,0.14327,0.06306,108,4440.54858,0.33449,87,10.0937,-0.0573
lib61_SARSr-wts,SARS-CoV-1_HGZ8L1-A_HP03E,wildtype,0.17528,0.08683,199,10.64588,0.19392,207,9868.84929,0.23947,187,51.38375,0.21287,205,0.18072,0.09853,195,26.01619,0.17781,198,88877.47109,0.12602,180,16361.88986,0.13264,188,2.69266,0.12802,188,0.508,0.19806,189,0.23232,0.13458,193,0.14854,0.07013,187,4265.8191,0.32557,171,10.0928,-0.0582
lib61_SARSr-wts,SARS-CoV-1_GD01_HP03L,wildtype,0.19075,0.10005,163,18.39729,0.22511,166,13825.94628,0.21392,157,52.64645,0.18304,156,0.20565,0.11051,148,39.05885,0.17945,150,87310.62925,0.13288,142,19022.11618,0.15925,150,3.61696,0.06491,152,1.18198,0.19662,150,0.24536,0.0974,151,0.15293,0.06589,153,6031.86535,0.29786,138,9.7056,-0.4454
lib61_SARSr-wts,SARS-CoV-1_PC4-127_PC04,wildtype,0.15672,0.06664,310,4.27557,0.181,312,11483.21414,0.2409,302,18006.76439,0.16992,292,68510.10953,0.2289,294,37128.15664,0.28373,303,87377.24314,0.1316,299,47089.58258,0.27053,291,3.62177,0.08452,305,1.21165,0.17573,303,0.22067,0.10022,304,0.14725,0.06658,292,1723.10412,0.33339,279,9.9378,-0.2132
lib61_SARSr-wts,SARS-CoV-1_PC4-13_PC04,wildtype,0.15546,0.04513,278,0.30481,0.08603,278,6778.30357,0.25943,264,18575.08168,0.18359,270,64418.67874,0.24448,266,27438.96945,0.26359,272,83968.37283,0.16119,270,39122.95273,0.28036,268,3.50781,0.07849,261,0.82026,0.18865,271,0.19774,0.09478,261,0.14426,0.05165,261,1841.74301,0.32809,229,10.1819,0.0309
lib61_SARSr-wts,SARS-CoV-1_PC4-137_PC04,wildtype,0.15766,0.05701,237,0.66412,0.16206,234,9360.02824,0.27981,220,17308.64366,0.1626,235,69667.03154,0.23369,224,31634.87076,0.2861,231,87646.47343,0.13042,217,44338.26113,0.28039,225,3.36073,0.10034,222,0.75682,0.1952,230,0.20312,0.09894,213,0.14459,0.05803,217,1671.50586,0.35603,196,10.1928,0.0418
lib61_SARSr-wts,SARS-CoV-1_GD03T0013_HP04,wildtype,0.16985,0.07795,278,71.55517,0.17057,281,9014.43431,0.26993,268,15351.435,0.19861,275,2136.37751,0.35857,273,31828.70547,0.29091,277,83026.807,0.15156,271,39669.37783,0.26933,267,3.64831,0.07905,265,0.98672,0.20338,262,0.22099,0.109,257,0.1466,0.0621,257,3333.33575,0.32636,235,10.2122,0.0612
lib61_SARSr-wts,SARS-CoV-1_GZ0402_HP04,wildtype,0.17724,0.09888,167,79.24474,0.20159,166,11993.39002,0.22807,162,22160.49275,0.19316,160,52868.31069,0.26266,159,53809.30769,0.26045,169,88072.7943,0.13653,170,54360.80959,0.26799,169,3.37211,0.06225,171,1.8836,0.13826,166,0.45636,0.12818,168,0.27481,0.1152,166,7617.95382,0.26216,156,9.4512,-0.6998
lib61_SARSr-wts,SARS-CoV-1_SZ1_PC03,wildtype,0.16296,0.06045,223,0.25298,0.10366,228,9690.16366,0.26819,217,1251.49047,0.29142,225,18.06698,0.20489,223,1029.90676,0.26739,222,89651.57216,0.12352,215,47280.52956,0.27938,212,3.39146,0.09257,217,0.73365,0.18616,214,0.19751,0.09285,215,0.14518,0.06095,208,1762.16888,0.32549,190,10.1745,0.0235
lib61_SARSr-wts,YN2020B,wildtype,3340.77794,0.29592,277,85020.57677,0.15163,268,9627.37582,0.25135,281,2776.84755,0.34271,297,74709.53322,0.20679,272,35476.57138,0.28015,292,87508.08595,0.12991,285,44151.42333,0.28769,290,3.42991,0.08447,283,0.41154,0.1643,284,0.51103,0.13932,275,0.38474,0.16557,275,88420.30089,0.13104,238,NA,NA
lib61_SARSr-wts,LYRa11,wildtype,0.18819,0.08019,117,68.1886,0.19387,122,8581.85863,0.26738,114,0.23933,0.08949,122,0.43271,0.12059,123,1863.04979,0.26366,123,85552.75665,0.13485,115,30122.64287,0.26229,118,3.74135,0.06468,116,0.51859,0.19762,115,0.19818,0.09374,122,0.15035,0.0602,111,6912.91225,0.28459,97,10.1431,-0.0079
lib61_SARSr-wts,WIV1,wildtype,0.19675,0.10399,247,77.11848,0.20261,249,8332.27178,0.28736,233,0.20437,0.10459,246,0.27717,0.10923,246,1106.57376,0.25295,248,79627.28081,0.18065,245,25376.05795,0.26811,248,3.76604,0.06643,232,0.49306,0.18935,239,0.20601,0.10056,225,0.15374,0.07204,222,5526.5027,0.29596,199,10.2012,0.0502
lib61_SARSr-wts,Rs7327,wildtype,0.19049,0.10084,253,69.57978,0.20217,253,8779.75249,0.26429,243,0.24657,0.10301,249,0.36998,0.11644,250,1980.48974,0.30819,248,82772.70068,0.1645,247,26721.87055,0.25753,251,3.67694,0.07708,242,0.41346,0.16941,241,0.20186,0.10437,238,0.14988,0.0719,233,5420.01737,0.29568,210,10.2556,0.1046
lib61_SARSr-wts,Rs4231,wildtype,6.74942,0.158,329,13393.78042,0.23053,300,9346.563,0.27859,303,15698.77679,0.20154,312,72507.76198,0.22081,301,33092.90124,0.27979,311,84881.64366,0.14949,292,40611.54866,0.28746,306,3.36241,0.09521,293,0.35762,0.1783,303,0.20638,0.1007,295,0.32182,0.18257,288,61039.64769,0.25445,248,10.2211,0.0701
lib61_SARSr-wts,RsSHC014,wildtype,2.45498,0.15468,161,7389.58424,0.25323,155,10226.40253,0.23362,151,14599.82672,0.19166,163,73655.33617,0.19759,148,31731.04251,0.29356,158,85434.35067,0.14031,152,42056.01826,0.29341,143,3.61414,0.08824,145,0.3438,0.18796,145,0.21198,0.11999,147,0.31674,0.171,139,31120.05533,0.26116,125,10.2843,0.1333
lib61_SARSr-wts,Rs4084,wildtype,2.59681,0.12897,216,7713.47176,0.21271,203,10065.3848,0.22493,198,14537.79348,0.19389,202,71600.66664,0.21679,197,36362.66854,0.28328,205,90179.84062,0.11933,205,40793.67444,0.28555,201,3.67151,0.07335,204,0.3744,0.18105,202,0.20769,0.09837,198,0.3337,0.16159,195,30442.60241,0.28027,178,10.2938,0.1428
lib61_SARSr-wts,BtSY1-RtLS01,wildtype,2.73123,0.00772,3,11427.53649,0.00783,3,7308.29876,0.00828,3,26998.07563,0.00795,3,1e+05,0,3,64208.84733,0.0252,3,1e+05,0,3,43975.38142,0.02877,3,3.39307,0.01647,3,0.52415,0.01577,3,0.22195,0.01069,3,0.28609,0.01157,3,92698.36452,0.05703,3,NA,NA
lib61_SARSr-wts,AncClade2_MAP,wildtype,3.39454,0.10293,122,3.12892,0.11187,122,6550.68996,0.27885,112,72144.54825,0.20807,112,65834.4665,0.22456,105,55895.37697,0.26271,109,85689.60048,0.14958,114,37391.00065,0.28043,112,90296.96245,0.12882,104,22583.41754,0.37402,99,1.56625,0.15387,113,91457.95281,0.11074,103,6419.37032,0.28818,93,10.1347,-0.0163
lib61_SARSr-wts,AncClade2_alt,wildtype,3.26528,0.10271,300,3.25007,0.10139,304,8308.21373,0.26175,284,75396.3083,0.19971,285,69850.54799,0.22868,275,62449.43317,0.26002,299,87317.86712,0.14223,278,41210.75076,0.28501,274,92644.43051,0.10625,284,23390.02487,0.35411,276,1.71175,0.16088,288,83986.51267,0.15563,267,200.72811,0.22801,246,10.1085,-0.0425
lib61_SARSr-wts,AncClade2_tree2,wildtype,3.02559,0.11336,297,2.55862,0.14321,297,4940.69723,0.28442,264,71784.67364,0.21729,286,58334.40814,0.28487,275,49972.43807,0.28725,274,89402.73094,0.12646,283,35219.21437,0.27238,273,94080.16588,0.09218,254,12469.36644,0.3543,255,1.5403,0.14767,278,85779.8683,0.1555,253,8181.44865,0.25875,230,10.1975,0.0465
lib61_SARSr-wts,AncClade2_alt1_subs-only,wildtype,25.41149,0.17183,226,69.59297,0.326,195,18603.3371,0.20828,208,85711.77226,0.15038,206,82086.49012,0.1822,184,79676.97243,0.17677,224,91049.25333,0.1096,197,66444.87786,0.21375,203,94306.22422,0.08641,234,77912.14358,0.19133,183,88.33008,0.38155,112,88636.18831,0.13596,217,71431.12895,0.21825,195,7.9724,-2.1786
lib61_SARSr-wts,AncClade2_alt2_del1-only,wildtype,0.17788,0.08573,267,0.18583,0.08179,267,3991.85322,0.30464,252,0.3981,0.14931,270,0.47521,0.18093,272,34268.64397,0.28749,267,74033.09221,0.21948,259,26264.55748,0.25978,265,3.64571,0.06586,257,0.79861,0.1902,258,0.36993,0.15385,253,2.56099,0.12375,256,3.53792,0.14346,245,9.7922,-0.3588
lib61_SARSr-wts,AncClade2_alt3_del2-only,wildtype,0.1929,0.11743,226,0.18635,0.10618,233,4910.10721,0.24193,219,22578.37501,0.22017,223,66243.36243,0.24266,222,43594.13864,0.29049,214,77560.16212,0.18754,223,45457.65899,0.28435,220,3.87599,0.05762,232,1.90735,0.15809,225,0.30526,0.13083,227,1.38065,0.16338,221,0.3481,0.18572,216,9.8996,-0.2514
lib61_SARSr-wts,AncClade2_alt4_dels-only,wildtype,0.35161,0.20806,270,0.33249,0.20151,271,12554.03068,0.21084,268,43164.46117,0.28312,273,73771.45783,0.20594,248,72701.65315,0.21638,268,85647.62293,0.14406,264,59609.30609,0.24779,255,3.15558,0.10242,275,1.71941,0.11531,273,2.02586,0.12271,270,2.41724,0.1031,271,1.48953,0.16712,273,8.9982,-1.1528
lib61_SARSr-wts,Rf4092,wildtype,3.43895,0.10212,351,3.04409,0.12197,358,9200.22499,0.22922,321,79448.59376,0.17624,330,66772.78109,0.23602,329,60238.72118,0.25648,324,87777.19139,0.13034,328,42832.18432,0.28342,321,90397.13409,0.119,308,26506.18783,0.34741,307,35298.84849,0.29084,294,90963.86947,0.11784,299,19798.82889,0.18644,262,10.1219,-0.0291
lib61_SARSr-wts,RmYN02,wildtype,3.69083,0.08447,295,3.89023,0.09124,301,8358.83626,0.26992,263,72795.51219,0.21713,282,65700.78521,0.24635,262,58729.78888,0.26803,268,84365.01659,0.15573,267,38118.02204,0.28455,265,92822.68089,0.10747,244,25995.2303,0.35191,266,2204.7541,0.41698,216,86870.30403,0.14021,239,25836.13557,0.21961,208,10.1948,0.0438
lib61_SARSr-wts,YN2013,wildtype,3.59123,0.09683,249,2.75812,0.13832,252,7607.38645,0.26026,231,76942.8077,0.19548,232,64665.95448,0.25069,241,65636.35869,0.2357,213,84357.92843,0.15058,235,39009.145,0.29336,224,93605.74337,0.09403,197,21288.60574,0.37209,219,2186.18971,0.42264,184,88884.3574,0.13021,197,22077.97132,0.20705,183,10.2178,0.0668
lib61_SARSr-wts,ZC45,wildtype,3.71876,0.08858,327,4.85284,0.11327,325,8692.01768,0.25845,309,73139.37428,0.21394,301,68987.30308,0.23164,292,65513.53251,0.23894,305,90436.74258,0.11503,295,42498.01074,0.27701,295,94264.42257,0.08928,293,28696.15024,0.33154,289,6823.68794,0.3857,265,87698.03767,0.1427,272,31863.73173,0.26125,265,10.0426,-0.1084
lib61_SARSr-wts,ZXC21,wildtype,3.65668,0.07603,587,4.77633,0.10579,590,8150.05319,0.24397,562,78370.4274,0.19129,560,68574.24875,0.23036,552,65181.19994,0.24237,544,90961.22621,0.11754,571,41867.98509,0.27721,551,94650.28492,0.08039,553,22579.88079,0.33521,543,7929.83573,0.35698,515,89636.98851,0.12812,527,36432.56032,0.27316,500,9.9846,-0.1664
lib61_SARSr-wts,Rf1,wildtype,3.53886,0.09301,129,3.54804,0.09628,132,9908.38567,0.30249,128,75377.4206,0.19041,125,68550.47778,0.23378,121,67583.31803,0.23304,126,86172.54062,0.14676,125,42316.05589,0.29453,117,89268.57486,0.12681,120,21658.20011,0.36078,119,84270.12289,0.16386,115,87516.52193,0.15046,114,18480.16773,0.17099,97,10.1638,0.0128
lib61_SARSr-wts,JL2012,wildtype,3.48202,0.08872,377,3.62378,0.08183,377,8557.55654,0.2359,333,70645.2529,0.21565,354,67000.58059,0.23822,343,63112.19283,0.24833,342,83754.45296,0.15895,355,40830.50402,0.27207,343,92530.44107,0.10081,300,28585.8864,0.34525,327,83049.49093,0.15532,296,87392.71803,0.14082,296,21814.755,0.20218,270,10.1559,0.0049
lib61_SARSr-wts,273-2005,wildtype,3.50037,0.08936,244,3.31478,0.0903,227,6648.83451,0.2865,218,72566.54833,0.21639,227,66712.01987,0.23536,210,56295.85404,0.26727,208,82902.40432,0.16518,225,36712.76596,0.28432,213,94945.65928,0.08048,206,20991.8523,0.38255,214,86929.24295,0.14555,193,87039.68843,0.13967,204,24656.11926,0.21207,178,9.9353,-0.2157
lib61_SARSr-wts,HeB2013,wildtype,3.41991,0.08789,286,3.60953,0.08504,290,10752.4697,0.21993,272,77604.31036,0.18981,270,70407.78972,0.223,269,65808.62845,0.23799,269,84213.43205,0.15657,276,44053.17859,0.27181,256,95382.87141,0.07746,256,32827.61336,0.34544,262,94046.63089,0.08797,232,90621.21461,0.11896,248,20347.67137,0.1781,222,10.0424,-0.1086
lib61_SARSr-wts,HuB2013,wildtype,3.41177,0.10094,295,3.30163,0.10429,288,7464.07179,0.27829,276,69397.84197,0.23112,276,67581.17225,0.25785,268,57211.74694,0.27305,283,86398.53396,0.14719,272,41236.5696,0.27932,278,93394.22077,0.09461,266,21999.88912,0.37122,262,2.59319,0.12858,289,80245.85692,0.18867,263,10015.75085,0.2117,234,10.2115,0.0605
lib61_SARSr-wts,Rs4247,wildtype,3.46861,0.08792,396,3.60492,0.08523,399,6367.23153,0.29699,378,72712.32198,0.21132,379,67979.37518,0.23526,363,55366.98639,0.27788,368,82802.7694,0.16789,371,35400.57154,0.2848,369,94196.79198,0.08897,357,17829.1795,0.40413,384,1.94526,0.14233,374,86203.52125,0.14837,330,3676.09805,0.35208,324,10.1636,0.0126
lib61_SARSr-wts,Longquan-140,wildtype,3.61102,0.08025,270,3.67529,0.08187,269,7128.44586,0.26981,251,70749.35518,0.22756,250,73929.01055,0.21055,250,58676.1447,0.27297,257,83350.37743,0.16362,257,36962.26863,0.2801,250,93916.98998,0.0868,240,20771.83087,0.36536,242,2.94247,0.10743,249,87241.55676,0.14635,224,3250.6851,0.35183,220,10.0063,-0.1447
lib61_SARSr-wts,HKU3-8,wildtype,NA,NA,NA,NA,NA,NA,NA,NA,NA,NA,NA,NA,NA,NA,NA,NA,NA,NA,NA,NA,NA,NA,NA,NA,NA,NA,NA,NA,NA,NA,NA,NA,NA,NA,NA,NA,NA,NA,NA,NA,NA
lib61_SARSr-wts,HKU3-1,wildtype,3.63658,0.08297,172,3.70688,0.07534,177,6283.3488,0.2686,166,73040.69747,0.2226,165,66746.80101,0.24612,163,51444.81286,0.28107,169,91573.87576,0.11919,175,36016.3767,0.29016,163,91887.03,0.11156,158,12228.69524,0.32348,154,2.58259,0.10616,163,86965.82043,0.14102,150,4734.02142,0.31158,136,10.1201,-0.0309
lib61_SARSr-wts,GX2013,wildtype,3.54087,0.08738,449,3.75146,0.08768,442,7003.68103,0.27828,410,73699.86533,0.20742,423,66528.16471,0.23587,402,56489.23991,0.26888,416,85677.47858,0.14669,424,38399.33601,0.28855,407,97094.98207,0.05608,376,15372.97319,0.3461,371,2.17315,0.12532,413,86383.20505,0.14174,372,3910.71863,0.34246,355,10.1301,-0.0209
lib61_SARSr-wts,Shaanxi2011,wildtype,3.62585,0.09476,325,100.19911,0.17883,320,8392.64752,0.25457,289,75045.17218,0.20246,310,68110.30046,0.23091,300,62630.8993,0.25254,292,85156.66602,0.15214,320,43020.25773,0.29354,290,92874.59192,0.0945,279,24267.85118,0.33269,271,34.84901,0.16313,299,86048.76386,0.14667,272,15620.96363,0.16375,246,10.2584,0.1074
lib61_SARSr-wts,279-2005,wildtype,4.4671,0.11128,279,8.02254,0.16341,279,9009.67339,0.24073,258,75784.9932,0.20156,261,72304.50557,0.21343,248,63776.00768,0.24803,260,88571.87221,0.13184,267,43468.19407,0.27451,260,95617.45756,0.07575,251,27585.34337,0.35292,245,157.24019,0.19332,233,87960.04627,0.13788,231,119.35327,0.26174,221,10.163,0.012
lib61_SARSr-wts,As6526,wildtype,1.89888,0.16516,209,82.63984,0.18105,212,6501.70837,0.28651,198,71767.81401,0.23114,206,67561.59611,0.22945,204,56981.93994,0.27472,193,84929.28887,0.1491,204,35131.4424,0.27381,192,93467.05606,0.09398,181,21246.04861,0.42094,186,7.60227,0.13557,199,86260.25036,0.14055,186,15993.21449,0.19534,171,10.1864,0.0354
lib61_SARSr-wts,Yunnan2011,wildtype,3.47223,0.10608,352,151.62598,0.20729,342,7802.26235,0.27536,321,72111.5829,0.2152,313,67823.51572,0.23861,316,56456.08086,0.27977,321,87561.24116,0.13694,324,40195.00331,0.28937,307,90064.52086,0.1256,298,21044.94854,0.34311,292,149.58472,0.26408,230,79831.63092,0.18764,283,17843.40229,0.17534,259,10.1321,-0.0189
lib61_SARSr-wts,Rs4237,wildtype,3.05482,0.1168,290,204.57248,0.22164,281,6805.31511,0.25621,257,69439.30856,0.23269,277,75586.81349,0.21304,267,61182.10527,0.25098,264,83196.88617,0.16108,273,37390.97799,0.28919,267,95202.99002,0.07271,247,22643.38226,0.3619,248,12.15536,0.16193,262,92292.57002,0.09793,248,15610.04949,0.15106,216,10.2021,0.0511
lib61_SARSr-wts,Rs4081,wildtype,3.27253,0.10419,270,294.60034,0.24789,263,8978.80371,0.25479,252,77642.82578,0.19595,261,78270.52551,0.18752,258,62134.09446,0.24952,231,85542.71643,0.14525,241,42723.1642,0.28343,242,94874.77926,0.08309,255,27436.08664,0.33363,234,4.95773,0.11313,263,87376.64275,0.13954,230,16864.9084,0.1546,233,10.1184,-0.0326
lib61_SARSr-wts,Rp3,wildtype,3.50014,0.07585,410,3.83036,0.08585,407,6725.94079,0.25494,383,73958.32203,0.21011,399,66901.77907,0.24444,379,58769.28529,0.26459,380,89607.37222,0.12349,386,41197.07458,0.28603,394,94793.61507,0.08212,370,18703.95569,0.36706,377,3.18478,0.09323,378,85449.09177,0.15683,351,219.2063,0.23047,326,10.189,0.038
